{
  "layer_5": {
    "modality": {
      "base_mean": 100.0,
      "base_std": 0.0,
      "ft_mean": 100.0,
      "ft_std": 0.0
    },
    "gene": {
      "base_mean": 90.0,
      "base_std": 2.222222222222219,
      "ft_mean": 91.11111111111111,
      "ft_std": 0.6804138174397694
    }
  },
  "layer_15": {
    "modality": {
      "base_mean": 100.0,
      "base_std": 0.0,
      "ft_mean": 100.0,
      "ft_std": 0.0
    },
    "gene": {
      "base_mean": 93.05555555555556,
      "base_std": 1.52145154862546,
      "ft_mean": 95.0,
      "ft_std": 1.111111111111112
    }
  },
  "layer_25": {
    "modality": {
      "base_mean": 100.0,
      "base_std": 0.0,
      "ft_mean": 100.0,
      "ft_std": 0.0
    },
    "gene": {
      "base_mean": 100.0,
      "base_std": 0.0,
      "ft_mean": 100.0,
      "ft_std": 0.0
    }
  }
}