{
  "layer_5": {
    "modality": {
      "base_mean": 100.0,
      "base_std": 0.0,
      "ft_mean": 100.0,
      "ft_std": 0.0
    },
    "gene": {
      "base_mean": 93.28947368421053,
      "base_std": 1.2686929472485742,
      "ft_mean": 91.82236842105263,
      "ft_std": 1.4036526790258388
    }
  },
  "layer_15": {
    "modality": {
      "base_mean": 100.0,
      "base_std": 0.0,
      "ft_mean": 100.0,
      "ft_std": 0.0
    },
    "gene": {
      "base_mean": 97.06359649122808,
      "base_std": 1.22203246379421,
      "ft_mean": 96.85526315789474,
      "ft_std": 0.01611506409725712
    }
  },
  "layer_25": {
    "modality": {
      "base_mean": 100.0,
      "base_std": 0.0,
      "ft_mean": 100.0,
      "ft_std": 0.0
    },
    "gene": {
      "base_mean": 100.0,
      "base_std": 0.0,
      "ft_mean": 100.0,
      "ft_std": 0.0
    }
  }
}