{
  "layer_4": {
    "modality": {
      "base_mean": 100.0,
      "base_std": 0.0,
      "ft_mean": 100.0,
      "ft_std": 0.0
    },
    "gene": {
      "base_mean": 97.5,
      "base_std": 1.6197088596792535,
      "ft_mean": 97.5,
      "ft_std": 1.6197088596792535
    }
  },
  "layer_12": {
    "modality": {
      "base_mean": 100.0,
      "base_std": 0.0,
      "ft_mean": 100.0,
      "ft_std": 0.0
    },
    "gene": {
      "base_mean": 97.77777777777779,
      "base_std": 0.6804138174397747,
      "ft_mean": 97.77777777777779,
      "ft_std": 1.111111111111112
    }
  },
  "layer_20": {
    "modality": {
      "base_mean": 100.0,
      "base_std": 0.0,
      "ft_mean": 100.0,
      "ft_std": 0.0
    },
    "gene": {
      "base_mean": 100.0,
      "base_std": 0.0,
      "ft_mean": 100.0,
      "ft_std": 0.0
    }
  }
}