{
  "layer_4": {
    "modality": {
      "base_mean": 100.0,
      "base_std": 0.0,
      "ft_mean": 100.0,
      "ft_std": 0.0
    },
    "gene": {
      "base_mean": 98.3267543859649,
      "base_std": 0.8284018440746218,
      "ft_mean": 98.1140350877193,
      "ft_std": 1.2223590573672416
    }
  },
  "layer_12": {
    "modality": {
      "base_mean": 100.0,
      "base_std": 0.0,
      "ft_mean": 100.0,
      "ft_std": 0.0
    },
    "gene": {
      "base_mean": 98.53508771929825,
      "base_std": 1.064050816331298,
      "ft_mean": 99.16008771929825,
      "ft_std": 0.7871432465647494
    }
  },
  "layer_20": {
    "modality": {
      "base_mean": 100.0,
      "base_std": 0.0,
      "ft_mean": 100.0,
      "ft_std": 0.0
    },
    "gene": {
      "base_mean": 99.78947368421053,
      "base_std": 0.4210526315789487,
      "ft_mean": 100.0,
      "ft_std": 0.0
    }
  }
}