{
  "layer_6": {
    "modality": {
      "base_mean": 100.0,
      "base_std": 0.0,
      "ft_mean": 100.0,
      "ft_std": 0.0
    },
    "gene": {
      "base_mean": 92.22222222222221,
      "base_std": 2.859897261385281,
      "ft_mean": 90.55555555555556,
      "ft_std": 2.6931554763424037
    }
  },
  "layer_18": {
    "modality": {
      "base_mean": 100.0,
      "base_std": 0.0,
      "ft_mean": 100.0,
      "ft_std": 0.0
    },
    "gene": {
      "base_mean": 98.33333333333334,
      "base_std": 1.0393492741038737,
      "ft_mean": 96.66666666666666,
      "ft_std": 2.8598972613852798
    }
  },
  "layer_30": {
    "modality": {
      "base_mean": 100.0,
      "base_std": 0.0,
      "ft_mean": 100.0,
      "ft_std": 0.0
    },
    "gene": {
      "base_mean": 99.72222222222221,
      "base_std": 0.5555555555555537,
      "ft_mean": 100.0,
      "ft_std": 0.0
    }
  }
}