{
  "model": "Qwen/Qwen2.5-3B-Instruct",
  "model_size": "3B-Instruct",
  "steps": 100,
  "n_train": 458,
  "n_eval": 114,
  "acc_before": 100.0,
  "acc_after": 75.0,
  "reward_start": 0.19000000059604644,
  "reward_end": 0.225,
  "reward_history": [
    [
      10,
      0.19000000059604644
    ],
    [
      20,
      0.21500000059604646
    ],
    [
      30,
      0.31749999672174456
    ],
    [
      40,
      0.25499999821186065
    ],
    [
      50,
      0.2074999988079071
    ],
    [
      60,
      0.1074999988079071
    ],
    [
      70,
      0.26249999850988387
    ],
    [
      80,
      0.30000000149011613
    ],
    [
      90,
      0.12750000208616258
    ],
    [
      100,
      0.225
    ]
  ]
}