{
  "model": "Qwen/Qwen2.5-3B-Instruct",
  "model_size": "3B-Instruct",
  "steps": 100,
  "n_train": 1309,
  "n_eval": 327,
  "acc_before": 46.666666666666664,
  "acc_after": 42.30769230769231,
  "reward_start": 0.1100000023841858,
  "reward_end": 0.2625,
  "reward_history": [
    [
      10,
      0.1100000023841858
    ],
    [
      20,
      0.17999999970197678
    ],
    [
      30,
      0.26999999582767487
    ],
    [
      40,
      0.13500000089406966
    ],
    [
      50,
      0.22999999970197677
    ],
    [
      60,
      0.12250000238418579
    ],
    [
      70,
      0.2624999970197678
    ],
    [
      80,
      0.180000002682209
    ],
    [
      90,
      0.2450000002980232
    ],
    [
      100,
      0.2625
    ]
  ]
}